<?xml version="1.0" encoding="UTF-8"?>
<dict>
	<dict>
		<ID>CDDisc</ID>
		<Description>1</Description>
		<Width>120 mm</Width>
		<Height>120 mm</Height>
		<CornerRadius>0 mm</CornerRadius>
		<OuterDiameter>120 mm</OuterDiameter>
		<InnerDiameterSmall>22 mm</InnerDiameterSmall>
		<InnerDiameterLarge>22 mm</InnerDiameterLarge>
		<IsHorizontal>1</IsHorizontal>		
	</dict>
	<dict>
		<ID>CDCover</ID>
		<Description>1</Description>
		<Width>121 mm</Width>
		<Height>121 mm</Height>
		<CornerRadius>0 mm</CornerRadius>
		<OuterDiameter>0 mm</OuterDiameter>
		<InnerDiameterSmall>0 mm</InnerDiameterSmall>
		<InnerDiameterLarge>0 mm</InnerDiameterLarge>
		<IsHorizontal>1</IsHorizontal>				
	</dict>
	<dict>
		<ID>CDTrayInsert</ID>
		<Description>1</Description>
		<Width>150 mm</Width>
		<Height>118 mm</Height>
		<CornerRadius>0 mm</CornerRadius>
		<OuterDiameter>0 mm</OuterDiameter>
		<InnerDiameterSmall>0 mm</InnerDiameterSmall>
		<InnerDiameterLarge>0 mm</InnerDiameterLarge>
		<IsHorizontal>1</IsHorizontal>				
		<FoldLines>
			<FoldLine>
				<Size>6.35</Size>
				<Type>1</Type>
				<SizeType>2</SizeType>
				<Position>-2</Position>
			</FoldLine>	
		</FoldLines>
	</dict>
	<dict>
		<ID>CDBooklet</ID>
		<Description>1</Description>
		<Width>242 mm</Width>
		<Height>121 mm</Height>
		<CornerRadius>0 mm</CornerRadius>
		<OuterDiameter>0 mm</OuterDiameter>
		<InnerDiameterSmall>0 mm</InnerDiameterSmall>
		<InnerDiameterLarge>0 mm</InnerDiameterLarge>
		<IsHorizontal>1</IsHorizontal>				
	    <FoldLines>
			<FoldLine>
				<Size>0.5</Size>
				<Type>1</Type> <Comment>1-Vertical, 2-Horizontal</Comment>
				<SizeType>1</SizeType> <Comment>1-Relative, 2-Absolute</Comment>
				<Position>-1</Position> <Comment>-1-Center, -2-LeftSide, 0...double - real position</Comment>
			</FoldLine>
		</FoldLines>	
	</dict>
	<dict>
		<ID>CDSlimCaseInsert</ID>
		<Description>1</Description>
		<Width>148 mm</Width>
		<Height>120.5 mm</Height>
		<CornerRadius>0 mm</CornerRadius>
		<OuterDiameter>0 mm</OuterDiameter>
		<InnerDiameterSmall>0 mm</InnerDiameterSmall>
		<InnerDiameterLarge>0 mm</InnerDiameterLarge>
		<IsHorizontal>1</IsHorizontal>				
		<FoldLines>
			<FoldLine>
				<Size>3</Size>
				<Type>1</Type>
				<SizeType>2</SizeType>
				<Position>139</Position>
			</FoldLine>
		</FoldLines>
		<RightIndent>116 mm</RightIndent>
		<RightHeightIndent>117 mm</RightHeightIndent>
		<SkewHeight>110 mm</SkewHeight>
		<SkewLength>21 mm</SkewLength>
<Comment>
//it seems is CDSlimCaseInsert
		LeftIndent = x3-x1
		LeftHeightIndent = y4-y3
		SkewHeight = y2-y1
		SkewLength = x2-x1

			      (x4,y4)
	                 #-------------------#
	(x2,y2)         /
        #----------# (x3,y3)
	   /::
      / ::
x1,y1#  ::
	 !  ::
	 !  ::
	 !  ::
	 !  ::
	 !  ::
</Comment>
	</dict>
	<dict>
		<ID>CDCore</ID>
		<Description>1</Description>
		<Width>40 mm</Width>
		<Height>40 mm</Height>
		<CornerRadius>0 mm</CornerRadius>
		<OuterDiameter>40 mm</OuterDiameter>
		<InnerDiameterSmall>15 mm</InnerDiameterSmall>
		<InnerDiameterLarge>15 mm</InnerDiameterLarge>
		<IsHorizontal>1</IsHorizontal>				
	</dict>
	<dict>
		<ID>CDSpine</ID>
		<Description>1</Description>
		<Width>119.0752 mm</Width>
		<Height>5.5626 mm</Height>
		<CornerRadius>2.3622 mm</CornerRadius>
		<OuterDiameter>0 mm</OuterDiameter>
		<InnerDiameterSmall>0 mm</InnerDiameterSmall>
		<InnerDiameterLarge>0 mm</InnerDiameterLarge>
		<IsHorizontal>1</IsHorizontal>				
	</dict>
	<dict>
		<ID>DVDCover</ID>
		<Description>1</Description>
		<Width>273 mm</Width>
		<Height>183 mm</Height>
		<CornerRadius>0 mm</CornerRadius>
		<OuterDiameter>0 mm</OuterDiameter>
		<InnerDiameterSmall>0 mm</InnerDiameterSmall>
		<InnerDiameterLarge>0 mm</InnerDiameterLarge>
		<FoldLines>
			<FoldLine>
				<Size>15</Size>
				<Type>1</Type>
				<SizeType>2</SizeType>
				<Position>-1</Position>
			</FoldLine>
		</FoldLines>
		<IsHorizontal>1</IsHorizontal>				
	</dict>
	<dict>
		<ID>DVDInsert</ID>
		<Description>1</Description>
		<Width>121 mm</Width>
		<Height>179 mm</Height>
		<CornerRadius>0 mm</CornerRadius>
		<OuterDiameter>0 mm</OuterDiameter>
		<InnerDiameterSmall>0 mm</InnerDiameterSmall>
		<InnerDiameterLarge>0 mm</InnerDiameterLarge>
		<IsHorizontal>1</IsHorizontal>				
	</dict>
	<dict>
		<ID>DVDBooklet</ID>
		<Description>1</Description>
		<Width>250 mm</Width>
		<Height>185 mm</Height>
		<CornerRadius>0 mm</CornerRadius>
		<OuterDiameter>0 mm</OuterDiameter>
		<InnerDiameterSmall>0 mm</InnerDiameterSmall>
		<InnerDiameterLarge>0 mm</InnerDiameterLarge>
		<IsHorizontal>1</IsHorizontal>				
		<FoldLines>
			<FoldLine>
				<Size>0.5</Size>
				<Type>1</Type>
				<SizeType>1</SizeType>
				<Position>-1</Position>
			</FoldLine>
		</FoldLines>
	</dict>	
	<dict>
		<ID>DVDSlimCover</ID>
		<Description>1</Description>
		<Width>266 mm</Width>
		<Height>184 mm</Height>
		<CornerRadius>0 mm</CornerRadius>
		<OuterDiameter>0 mm</OuterDiameter>
		<InnerDiameterSmall>0 mm</InnerDiameterSmall>
		<InnerDiameterLarge>0 mm</InnerDiameterLarge>
		<IsHorizontal>1</IsHorizontal>				
		<FoldLines>
			<FoldLine>
				<Size>5.95</Size>
				<Type>1</Type>
				<SizeType>2</SizeType>
				<Position>-1</Position>
			</FoldLine>
		</FoldLines>
	</dict>
	<dict>
		<ID>CDMini</ID>
		<Description>1</Description>
		<Width>78 mm</Width>
		<Height>78 mm</Height>
		<CornerRadius>0 mm</CornerRadius>
		<OuterDiameter>78 mm</OuterDiameter>
		<InnerDiameterSmall>15 mm</InnerDiameterSmall>
		<InnerDiameterLarge>15 mm</InnerDiameterLarge>
		<IsHorizontal>1</IsHorizontal>				
	</dict>
	<dict>
		<ID>CDBusinessCard</ID>
		<Description>1</Description>
		<Width>81 mm</Width>
		<Height>60 mm</Height>
		<CornerRadius>0 mm</CornerRadius>
		<OuterDiameter>79.5 mm</OuterDiameter>
		<InnerDiameterSmall>15 mm</InnerDiameterSmall>
		<InnerDiameterLarge>15 mm</InnerDiameterLarge>
		<IsHorizontal>1</IsHorizontal>				
	</dict>
	<dict>
		<ID>SuperJewelBoxCDBooklet</ID>
		<Description>1</Description>
		<Width>121 mm</Width>
		<Height>121 mm</Height>
		<CornerRadius>0 mm</CornerRadius>
		<OuterDiameter>0 mm</OuterDiameter>
		<InnerDiameterSmall>0 mm</InnerDiameterSmall>
		<InnerDiameterLarge>0 mm</InnerDiameterLarge>
		<IsHorizontal>1</IsHorizontal>				
	</dict>
	<dict>
		<ID>SuperJewelBoxCDTrayInsertInside</ID>
		<Description>1</Description>
		<Width>151 mm</Width>
		<Height>130 mm</Height>
		<CornerRadius>0 mm</CornerRadius>
		<OuterDiameter>0 mm</OuterDiameter>
		<InnerDiameterSmall>0 mm</InnerDiameterSmall>
		<InnerDiameterLarge>0 mm</InnerDiameterLarge>
		<IsHorizontal>1</IsHorizontal>				
		<FoldLines>
			<FoldLine>
				<Size>6</Size>
				<Type>1</Type>
				<SizeType>2</SizeType>
				<Position>-2</Position>
			</FoldLine>
			<FoldLine>
				<Size>4</Size>
				<Type>2</Type>
				<SizeType>2</SizeType>
				<Position>-2</Position>
			</FoldLine>
		</FoldLines>
		<LeftIndent>116 mm</LeftIndent>
		<LeftHeightIndent>100 mm</LeftHeightIndent>
		<SkewHeight>110 mm</SkewHeight>
		<SkewLength>13 mm</SkewLength>
<Comment>
//it seems is SuperJewelBoxCDTrayInsertInside or SuperJewelBoxCDTrayInsertOutside
		LeftIndent = x2-x1
		LeftHeightIndent = y2-y1
		SkewHeight = y3-y4
		SkewLength = x4-x3

	      (x2,y2)             (x3,y3)
	      #-------------------#
		  !                   ! 
	      !...................!---
          !                      !
(x1,y1)   !                      ----# (x4,y4)
    #------                      :   !
	!                            :   !
	!                            :   !
	!                            :   !
	!                            :   !
	!                            :   !
</Comment>
	</dict>
	<dict>
		<ID>SuperJewelBoxCDTrayInsertOutside</ID>
		<Description>1</Description>
		<Width>151 mm</Width>
		<Height>130 mm</Height>
		<CornerRadius>0 mm</CornerRadius>
		<OuterDiameter>0 mm</OuterDiameter>
		<InnerDiameterSmall>0 mm</InnerDiameterSmall>
		<InnerDiameterLarge>0 mm</InnerDiameterLarge>
		<IsHorizontal>1</IsHorizontal>				
		<FoldLines>
			<FoldLine>
				<Size>6</Size>
				<Type>1</Type>
				<SizeType>2</SizeType>
				<Position>-2</Position>
			</FoldLine>
			<FoldLine>
				<Size>4</Size>
				<Type>2</Type>
				<SizeType>2</SizeType>
				<Position>-2</Position>
			</FoldLine>
		</FoldLines>
		<RightIndent>116 mm</RightIndent>
		<RightHeightIndent>100 mm</RightHeightIndent>
		<SkewHeight>110 mm</SkewHeight>
		<SkewLength>13 mm</SkewLength>
	</dict>
	<dict>
		<ID>SuperJewelBoxDVDBooklet</ID>
		<Description>1</Description>
		<Width>240 mm</Width>
		<Height>178 mm</Height>
		<CornerRadius>0 mm</CornerRadius>
		<OuterDiameter>0 mm</OuterDiameter>
		<InnerDiameterSmall>0 mm</InnerDiameterSmall>
		<InnerDiameterLarge>0 mm</InnerDiameterLarge>
		<IsHorizontal>1</IsHorizontal>				
		<FoldLines>
			<FoldLine>
				<Size>0.5</Size>
				<Type>1</Type>
				<SizeType>1</SizeType>
				<Position>-1</Position>
			</FoldLine>
		</FoldLines>
	</dict>
	<dict>
		<ID>SuperJewelBoxDVDTrayInsertInside</ID>
		<Description>1</Description>
		<Width>150.4 mm</Width>
		<Height>199 mm</Height>
		<CornerRadius>0 mm</CornerRadius>
		<OuterDiameter>0 mm</OuterDiameter>
		<InnerDiameterSmall>0 mm</InnerDiameterSmall>
		<InnerDiameterLarge>0 mm</InnerDiameterLarge>
		<IsHorizontal>1</IsHorizontal>				
		<FoldLines>
			<FoldLine>
				<Size>6</Size>
				<Type>1</Type>
				<SizeType>2</SizeType>
				<Position>-2</Position>
			</FoldLine>
			<FoldLine>
				<Size>4</Size>
				<Type>2</Type>
				<SizeType>2</SizeType>
				<Position>-2</Position>
			</FoldLine>
		</FoldLines>
		<LeftIndent>115.4 mm</LeftIndent>
		<LeftHeightIndent>169 mm</LeftHeightIndent>
		<SkewHeight>179 mm</SkewHeight>
		<SkewLength>13 mm</SkewLength>
	</dict>
	<dict>
		<ID>SuperJewelBoxDVDTrayInsertOutside</ID>
		<Description>1</Description>
		<Width>150.4 mm</Width>
		<Height>199 mm</Height>
		<CornerRadius>0 mm</CornerRadius>
		<OuterDiameter>0 mm</OuterDiameter>
		<InnerDiameterSmall>0 mm</InnerDiameterSmall>
		<InnerDiameterLarge>0 mm</InnerDiameterLarge>
		<IsHorizontal>1</IsHorizontal>				
		<FoldLines>
			<FoldLine>
				<Size>6</Size>
				<Type>1</Type>
				<SizeType>2</SizeType>
				<Position>-2</Position>
			</FoldLine>
			<FoldLine>
				<Size>4</Size>
				<Type>2</Type>
				<SizeType>2</SizeType>
				<Position>-2</Position>
			</FoldLine>
		</FoldLines>
		<RightIndent>115.4 mm</RightIndent>
		<RightHeightIndent>169 mm</RightHeightIndent>
		<SkewHeight>179 mm</SkewHeight>
		<SkewLength>13 mm</SkewLength>
	</dict>
	<dict>
		<ID>VHSSpine</ID>
		<Description>1</Description>
		<Width>147 mm</Width>
		<Height>20 mm</Height>
		<CornerRadius>0 mm</CornerRadius>
		<OuterDiameter>0 mm</OuterDiameter>
		<InnerDiameterSmall>0 mm</InnerDiameterSmall>
		<InnerDiameterLarge>0 mm</InnerDiameterLarge>
		<IsHorizontal>1</IsHorizontal>				
	</dict>
	<dict>
		<ID>VHSWrap</ID>
		<Description>1</Description>
		<Width>258 mm</Width>
		<Height>190 mm</Height>
		<CornerRadius>0 mm</CornerRadius>
		<OuterDiameter>0 mm</OuterDiameter>
		<InnerDiameterSmall>0 mm</InnerDiameterSmall>
		<InnerDiameterLarge>0 mm</InnerDiameterLarge>
		<IsHorizontal>1</IsHorizontal>				
		<FoldLines>
			<FoldLine>
				<Size>28</Size>
				<Type>1</Type>
				<SizeType>2</SizeType>
				<Position>-1</Position>
			</FoldLine>
		</FoldLines>
	</dict>
	<dict>
		<ID>VHSFace</ID>
		<Description>1</Description>
		<Width>78 mm</Width>
		<Height>46 mm</Height>
		<CornerRadius>0 mm</CornerRadius>
		<OuterDiameter>0 mm</OuterDiameter>
		<InnerDiameterSmall>0 mm</InnerDiameterSmall>
		<InnerDiameterLarge>0 mm</InnerDiameterLarge>
		<IsHorizontal>1</IsHorizontal>				
	</dict>

	<dict>
		<ID>LightScribeFull</ID>
		<Description>1</Description>
		<Width>117.4 mm</Width>
		<Height>117.4 mm</Height>
		<CornerRadius>0 mm</CornerRadius>
		<OuterDiameter>117.4 mm</OuterDiameter>
		<InnerDiameterSmall>47.6 mm</InnerDiameterSmall>
		<InnerDiameterLarge>47.6 mm</InnerDiameterLarge>
		<IsHorizontal>1</IsHorizontal>				
	</dict>
	<dict>
		<ID>LightScribeContent</ID>
		<Description>1</Description>
		<Width>117.4 mm</Width>
		<Height>117.4 mm</Height>
		<CornerRadius>0 mm</CornerRadius>
		<OuterDiameter>117.4 mm</OuterDiameter>
		<InnerDiameterSmall>15 mm</InnerDiameterSmall>
		<InnerDiameterLarge>15 mm</InnerDiameterLarge>
		<IsHorizontal>1</IsHorizontal>				
	</dict>
	<dict>
		<ID>LightScribeTitle</ID>
		<Description>1</Description>
		<Width>117.4 mm</Width>
		<Height>117.4 mm</Height>
		<CornerRadius>0 mm</CornerRadius>
		<OuterDiameter>117.4 mm</OuterDiameter>
		<InnerDiameterSmall>15 mm</InnerDiameterSmall>
		<InnerDiameterLarge>15 mm</InnerDiameterLarge>
		<IsHorizontal>1</IsHorizontal>				
	</dict>	
	
	<dict>
		<ID>LabelFlashFull</ID>
		<Description>1</Description>
		<Width>117.4 mm</Width>
		<Height>117.4 mm</Height>
		<CornerRadius>0 mm</CornerRadius>
		<OuterDiameter>117.4 mm</OuterDiameter>
		<InnerDiameterSmall>50 mm</InnerDiameterSmall>
		<InnerDiameterLarge>50 mm</InnerDiameterLarge>
		<IsHorizontal>1</IsHorizontal>				
	</dict>
	
<Comment>
	<dict>
		<ID>DiscT@2</ID>
		<Description>1</Description>
		<Width>80 mm</Width>
		<Height>80 mm</Height>
		<CornerRadius>0 mm</CornerRadius>
		<OuterDiameter>80 mm</OuterDiameter>
		<InnerDiameterSmall>50 mm</InnerDiameterSmall>
		<InnerDiameterLarge>50 mm</InnerDiameterLarge>
		<IsHorizontal>1</IsHorizontal>				
	</dict>
</Comment>

	<dict>
		<ID>PappaVinylCD</ID>
		<Description>1</Description>
		<Width>62 mm</Width>
		<Height>62 mm</Height>
		<CornerRadius>0 mm</CornerRadius>
		<OuterDiameter>62 mm</OuterDiameter>
		<InnerDiameterSmall>22.5 mm</InnerDiameterSmall>
		<InnerDiameterLarge>22.5 mm</InnerDiameterLarge>
		<IsHorizontal>1</IsHorizontal>				
	</dict>
	
	<dict>
		<ID>PappaSuperCD</ID>
		<Description>1</Description>
		<Width>119.5 mm</Width>
		<Height>119.5 mm</Height>
		<CornerRadius>0 mm</CornerRadius>
		<OuterDiameter>119.5 mm</OuterDiameter>
		<InnerDiameterSmall>16 mm</InnerDiameterSmall>
		<InnerDiameterLarge>16 mm</InnerDiameterLarge>
		<IsHorizontal>1</IsHorizontal>				
	</dict>
		
	<dict>
		<ID>PappaPartialShort</ID>
		<Description>1</Description>
		<Width>100.5 mm</Width>
		<Height>63 mm</Height>
		<CornerRadius>0 mm</CornerRadius>
		<OuterDiameter>0 mm</OuterDiameter>
		<InnerDiameterSmall>0 mm</InnerDiameterSmall>
		<InnerDiameterLarge>0 mm</InnerDiameterLarge>
	</dict>
	<dict>
		<ID>PappaPartialMedium</ID>
		<Description>1</Description>
		<Width>287 mm</Width>
		<Height>63 mm</Height>
		<CornerRadius>0 mm</CornerRadius>
		<OuterDiameter>0 mm</OuterDiameter>
		<InnerDiameterSmall>0 mm</InnerDiameterSmall>
		<InnerDiameterLarge>0 mm</InnerDiameterLarge>
		<IsHorizontal>1</IsHorizontal>				
		<FoldLines>
			<FoldLine>
				<Size>7</Size>
				<Type>1</Type>
				<SizeType>2</SizeType>
				<Position>-1</Position>
			</FoldLine>
		</FoldLines>		
	</dict>
	<dict>
		<ID>PappaPartialLong</ID>
		<Description>1</Description>
		<Width>400.5 mm</Width>
		<Height>63 mm</Height>
		<CornerRadius>0 mm</CornerRadius>
		<OuterDiameter>0 mm</OuterDiameter>
		<InnerDiameterSmall>0 mm</InnerDiameterSmall>
		<InnerDiameterLarge>0 mm</InnerDiameterLarge>
		<IsHorizontal>1</IsHorizontal>				
		<FoldLines>
			<FoldLine>
				<Size>140</Size>
				<Type>1</Type>
				<SizeType>2</SizeType>
				<Position>140</Position>
			</FoldLine>
			<FoldLine>
				<Size>147</Size>
				<Type>1</Type>
				<SizeType>2</SizeType>
				<Position>147</Position>
			</FoldLine>
			<FoldLine>
				<Size>286.5</Size>
				<Type>1</Type>
				<SizeType>2</SizeType>
				<Position>286.5</Position>
			</FoldLine>						
		</FoldLines>	
	</dict>	
	<dict>
		<ID>PappaFullShort</ID>
		<Description>1</Description>
		<Width>88.5 mm</Width>
		<Height>124.5 mm</Height>
		<CornerRadius>0 mm</CornerRadius>
		<OuterDiameter>0 mm</OuterDiameter>
		<InnerDiameterSmall>0 mm</InnerDiameterSmall>
		<InnerDiameterLarge>0 mm</InnerDiameterLarge>
		<IsHorizontal>1</IsHorizontal>				
	</dict>	
	<dict>
		<ID>PappaFullLong</ID>
		<Description>1</Description>
		<Width>287 mm</Width>
		<Height>124.5 mm</Height>
		<CornerRadius>0 mm</CornerRadius>
		<OuterDiameter>0 mm</OuterDiameter>
		<InnerDiameterSmall>0 mm</InnerDiameterSmall>
		<InnerDiameterLarge>0 mm</InnerDiameterLarge>
		<IsHorizontal>1</IsHorizontal>				
		<FoldLines>
			<FoldLine>
				<Size>7</Size>
				<Type>1</Type>
				<SizeType>2</SizeType>
				<Position>-1</Position>
			</FoldLine>
		</FoldLines>	
	</dict>	
</dict>		