<?xml version="1.0" encoding="UTF-8"?>
<PageSizeList>
	<PageSize>
		<ID>Letter</ID>
		<Width>8.5 in</Width>
		<Height>11 in</Height>
	</PageSize>

	<PageSize>
		<ID>A4</ID>
		<Width>8.26 in</Width>
		<Height>11.68 in</Height>
	</PageSize>

	<PageSize>
		<ID>A4-Long</ID>
		<Width>7.76 in</Width>
		<Height>16.54 in</Height>
	</PageSize>

	<PageSize>
		<ID>A5</ID>
		<Width>5.82 in</Width>
		<Height>8.26 in</Height>
	</PageSize>

	<PageSize>
		<ID>A3</ID>
		<Width>11.7 in</Width>
		<Height>16.54 in</Height>
	</PageSize>

	<PageSize>
		<ID>Canon CD Tray</ID>
		<Width>5.42 in</Width>
		<Height>9.4 in</Height>
	</PageSize>

	<PageSize>
		<ID>HP CD Tray</ID>
		<Width>5.12 in</Width>
		<Height>5.12 in</Height>
	</PageSize>

	<PageSize>
		<ID>Microboards CD Tray</ID>
		<Width>4.7245 in</Width>
		<Height>4.7245 in</Height>
	</PageSize>

	<PageSize>
		<ID>Primera CD Tray</ID>
		<Width>4.7245 in</Width>
		<Height>4.7245 in</Height>
	</PageSize>

	<PageSize>
		<ID>DYMO DiscPainter CD Tray</ID>
		<Width>4.7245 in</Width>
		<Height>4.7245 in</Height>
	</PageSize>

	<PageSize>
		<ID>CD/DVD Tattoo</ID>
		<Width>5 in</Width>
		<Height>7 in</Height>
	</PageSize>

	<PageSize>
		<ID>Tabloid</ID>
		<Width>11 in</Width>
		<Height>17 in</Height>
	</PageSize>
		
</PageSizeList>