<?xml version="1.0" encoding="UTF-8"?>
<dict>
	<dict>
		<ID>CDDisc</ID>
		<Name>Printable Disc</Name>
		<Width>120 mm</Width>
		<Height>120 mm</Height>
		<CornerRadius>0 mm</CornerRadius>
		<OuterDiameter>120 mm</OuterDiameter>
		<InnerDiameter>36 mm</InnerDiameter>
		<IsHorizontal>1</IsHorizontal>		
	</dict>
	<dict>
		<ID>CDDisc</ID>
		<Name>Printable Disc (Full Coverage)</Name>
		<Width>120 mm</Width>
		<Height>120 mm</Height>
		<CornerRadius>0 mm</CornerRadius>
		<OuterDiameter>120 mm</OuterDiameter>
		<InnerDiameter>18 mm</InnerDiameter>
		<IsHorizontal>1</IsHorizontal>		
	</dict>
</dict>		