<?xml version="1.0" encoding="UTF-8"?>
<PTROBOT_STRINGS>
<STR1>Tray movement error.  Press the left button on the unit to try again.</STR1>
<STR2>There was a problem finding the ink cartridges.  Open the cover and press the left button. Make sure the color cartridge is installed on the left and the black is on the right.  Then close the cover.</STR2>
<STR3>The input bin is empty.  Open the cover and add more discs.  Then close the cover and push the left button on the unit.</STR3>
<STR4>There was an internal printer communications error.  Press the left button on the unit to try again.</STR4>
<STR5>WARNING:  The color cartridge is LOW on ink.  To replace the cartridge, open the cover on the unit and press the left button.  Then install the new cartridge and close the cover.  To ignore the warning, press the left button.</STR5>
<STR6>WARNING:  The black cartridge is LOW on ink.  To replace the cartridge, open the cover on the unit and press the left button.  Then install the new cartridge and close the cover.  To ignore the warning, press the left button.</STR6>
<STR7>WARNING:  Both ink cartridges are LOW on ink.  To replace the cartridges, open the cover on the unit and press the left button.  Then install the new cartridges and close the cover.  To ignore the warning, press the left button.</STR7>
<STR8>The disc was not picked.  Press the left button on the unit to try again.</STR8>
<STR9>There was an arm movement error.  Press the left button on the unit to try again.</STR9>
<STR10>Arm picker error.  Press the left button on the unit to try again.</STR10>

<STR12>There was an internal software error.  Please re-start the software.</STR12>
<STR13>No external recorder drives were found.  Re-power the computer and unit, and then re-start the software.</STR13>
<STR14>The unit is offline.  Please ensure the unit is connected and powered on.  You may need to shut down and restart the software.</STR14>
<STR15>The unit's cover is open.  Please close the cover.</STR15>
<STR16>The disc was not picked from the printer.  Press the left button to retry.</STR16>
<STR17>Multiple discs were picked up and moved.  Please manually remove any extra discs that were moved, keeping a single disc in place.  Then close the cover and press the left button.</STR17>
<STR18>Multiple discs were placed in the printer.  Please manually remove any extra discs from the printer, keeping a single disc in place.  Then close the cover and press the left button.</STR18>
<STR19>Multiple discs were placed in the recorder.  Please manually remove any extra discs from the recorder, keeping a single disc in place.  Then close the cover and press the left button.</STR19> 
<STR20>The disc was dropped while moving into the recorder.  Please manually place the disc into the recorder tray.  Then close the cover and press the left button.</STR20>

<STR28>The disc was dropped while moving into the right bin.  Please manually place the disc into the right bin.  Then close the cover and press the left button.</STR28>
<STR29>The disc was dropped while moving into the left bin.  Please manually place the disc into the left bin.  Then close the cover and press the left button.</STR29>
<STR33>The disc was dropped while moving into the printer.  Please manually place the disc into the printer tray.  Then close the cover and press the left button.</STR33>
<STR34>The disc was dropped while moving to the reject area.  Please remove the dropped disc.  Then close the cover and press the left button.</STR34>
<STR35>The disc was dropped. Please remove the dropped disc.  Then close the cover and press the left button.</STR35>
<STR36>The printer cartridges need to be aligned.</STR36>
<STR37>The color cartridge is invalid.  Open the cover and press the left button.  Change the cartridge and close the cover.</STR37>
<STR38>The black cartridge is invalid.  Open the cover and press the left button.  Change the cartridge and close the cover.</STR38>
<STR39>Both cartridges are invalid.  Open the cover and press the left button.  Change the cartridges and close the cover.</STR39>
<STR40>No cartridges are installed.  Open the cover and press the left button.  Install the cartridges and close the cover.</STR40>


<STR41>The black cartridge is installed in the color position.  Open the cover and press the left button.  Change the cartridge and close the cover.</STR41>
<STR42>The color cartridge is installed in the black position.  Open the cover and press the left button.  Change the cartridge and close the cover.</STR42>
<STR43>The black and color cartridges are swapped.  Open the cover and press the left button.  Swap the cartridges and close the cover.</STR43>
<STR44>This printer is not compatible with a pigment-based black cartridge.  Open the cover and press the left button.  Install a dye-based black cartridge and close the cover.</STR44>
<STR45>The alignment print failed.</STR45>
<STR46>The disc was dropped while moving to/from the printer.  Please open the cover and manually remove and discard the disc.  Then place a new disc in the recorder, close the cover and press the left button.</STR46>
<STR47>Multiple discs were placed in the right bin.  Please manually move any extra discs to the left bin, keeping a single disc in place.  Then close the cover and press the left button.</STR47>
<STR48>Multiple discs were placed in the left bin.  Please manually move any extra discs to the right bin, keeping a single disc in place.  Then close the cover and press the left button.</STR48>
<STR49>WARNING:  The color cartridge is Empty.  To replace the cartridge, open the cover on the unit and press the left button.  Then install the new cartridge and close the cover.  To ignore the warning, press the left button.</STR49>
<STR50>WARNING:  The black cartridge is Empty.  To replace the cartridge, open the cover on the unit and press the left button.  Then install the new cartridge and close the cover.  To ignore the warning, press the left button.</STR50>


<STR51>WARNING:  Both cartridges are Empty.  To replace the cartridge, open the cover on the unit and press the left button.  Then install the new cartridge and close the cover.  To ignore the warning, press the left button.</STR51>
<STR52>The system timed out waiting for the printer to finish.  The disc may not have been printed on.</STR52>
<STR53>The disc to be printed is missing from the printer tray.  Please place the disc back into the printer tray and close the tray.  NOTE: You can open/close the printer tray by pressing the left button with the cover closed.</STR53>

<STR500>PTRobot Error (500). An internal robotic error occurred.</STR500>
<STR501>PTRobot Error (501). A sequence error occurred</STR501>
<STR502>PTRobot Error (502). The robot is invalid.</STR502>
<STR503>PTRobot Error (503). The drive is invalid.</STR503>
<STR504>PTRobot Error (504). The bin is invalid.</STR504>
<STR505>PTRobot Error (505). No drives were found connected to the robot.</STR505>
<STR506>PTRobot Error (506). The drive failed to open/close.</STR506>
<STR507>PTRobot Error (507). A buffer overflow error occurred.</STR507>
<STR508>PTRobot Error (508). No printer was found on the robot.</STR508>
<STR509>PTRobot Error (509). The print file is invalid.</STR509>
<STR510>PTRobot Error (510). There is no print application installed.</STR510>
<STR511>PTRobot Error (511). The print file could not be found.</STR511>
<STR512>PTRobot Error (512). The .prn file is invalid.</STR512>
<STR513>PTRobot Error (513). Unsupported option.</STR513>
<STR514>PTRobot Error (514). Directory not found</STR514>
<STR515>PTRobot Error (515). A movement location is invalid.</STR515>
<STR516>PTRobot Error (516). Unable to determine robotically controlled drives.</STR516>
<STR517>PTRobot Error (517). Invalid printer settings.</STR517>
<STR518>PTRobot Error (518). Invalid drive position.</STR518>
<STR519>PTRobot Error (519). Invalid robotic action.</STR519>
<STR520>PTRobot Error (520). Feature not implemented.</STR520>
<STR521>PTRobot Error (521). The print application is open, please close it.</STR521>
<STR522>PTRobot Error (522). A DLL is missing.</STR522>
<STR523>PTRobot Error (523). The drive is spinning up.</STR523>
<STR524>PTRobot Error (524). The inserted media is invalid.  Please contact sales to obtain valid media.</STR524>
<STR525>PTRobot Error (525). There is no media in the drive.</STR525>
<STR526>PTRobot Error (526). Invalid Language</STR526>
<STR527>PTRobot Error (527). Invalid Error</STR527>
<STR528>PTRobot Error (528).  The robot is Busy.</STR528>
<STR529>PTRobot Error (529).  Invalid file extension.</STR529>

<STR101>Tray movement error.  Open and close the cover to try again.</STR101>
<STR102>There was a problem finding the ink cartridges.  Open the cover and press the left button. Make sure the color cartridge is installed on the left and the black is on the right.  Then close the cover.</STR102>
<STR103>The input bin is empty.  Open the cover, add more discs, and close the cover to continue.</STR103>
<STR104>There was an internal printer communications error. Open and close the cover to try again.</STR104>
<STR105>WARNING:  The color cartridge is LOW on ink.</STR105>
<STR106>WARNING:  The black cartridge is LOW on ink.</STR106>
<STR107>WARNING:  Both ink cartridges are LOW on ink.</STR107>
<STR108>The disc was not picked.  Open and close the cover to try again.</STR108>
<STR109>There was an arm movement error.  Press the left button on the unit to try again.</STR109>
<STR110>Arm picker error.  Open and close the cover to try again.</STR110>
<STR112>There was an internal software error.  Please re-start the software.</STR112>
<STR113>No external recorder drives were found.  Re-power the computer and unit, and then re-start the software.</STR113>
<STR114>The unit is offline.  Please ensure the unit is connected and powered on.  You may need to shut down and restart the software.</STR114>
<STR115>The unit's cover is open.  Please close the cover.</STR115>
<STR116>The disc was not picked from the printer.  Open and close the cover to try again.</STR116>
<STR117>Multiple discs were picked up and moved.  Please open the cover and manually remove any extra discs that were moved, keeping a single disc in place.  Then close the cover to continue.</STR117>
<STR118>Multiple discs were placed in the printer.  Please open the cover and manually remove any extra discs from the printer, keeping a single disc in place.  Then close the cover to continue.</STR118>
<STR119>Multiple discs were placed in the recorder.  Please open the cover and manually remove any extra discs from the recorder, keeping a single disc in place.  Then close the cover to continue.</STR119>
<STR120>The disc was dropped while moving into the recorder.  Please open the cover and manually place the disc into the recorder tray.  Then close the cover to continue.</STR120>
<STR128>The disc was dropped while moving into the right bin.  Please open the cover and manually place the disc into the right bin.  Then close the cover to continue.</STR128>
<STR129>The disc was dropped while moving into the left bin.  Please open the cover and manually place the disc into the left bin.  Then close the cover to continue.</STR129>
<STR133>The disc was dropped while moving into the printer.  Please open the cover and manually place the disc into the printer tray.  Then close the cover to continue.</STR133>
<STR134>The disc was dropped while moving to the reject area.  Please open the cover and remove the dropped disc.  Then close the cover to continue.</STR134>
<STR135>The disc was dropped. Please open the cover and remove the dropped disc.  Then close the cover to continue.</STR135>
<STR136>The printer cartridges need to be aligned.</STR136>
<STR137>The color cartridge is invalid.  Open the cover and press the left button.  Change the cartridge and close the cover.</STR137>
<STR138>The black cartridge is invalid.  Open the cover and press the left button.  Change the cartridge and close the cover.</STR138>
<STR139>Both cartridges are invalid.  Open the cover and press the left button.  Change the cartridges and close the cover.</STR139>
<STR140>No cartridges are installed.  Open the cover and press the left button.  Install the cartridges and close the cover.</STR140>
<STR141>The black cartridge is installed in the color position.  Open the cover and press the left button.  Change the cartridge and close the cover.</STR141>
<STR142>The color cartridge is installed in the black position.  Open the cover and press the left button.  Change the cartridge and close the cover.</STR142>
<STR143>The black and color cartridges are swapped.  Open the cover and press the left button.  Swap the cartridges and close the cover.</STR143>

<STR144>This printer is not compatible with a pigment-based black cartridge.  Open the cover and press the left button.  Install a dye-based black cartridge and close the cover.</STR144>
<STR145>The alignment print failed.</STR145>
<STR146>The disc was dropped while moving to/from the printer.  Please open the cover and manually remove and discard the disc. Then place a new disc in the recorder and close the cover to continue.</STR146>
<STR147>Multiple discs were placed in the right bin.  Please open the cover and manually move any extra discs to the left bin, keeping a single disc in place.  Then close the cover to continue.</STR147>
<STR148>Multiple discs were placed in the left bin.  Please open the cover and manually move any extra discs to the right bin, keeping a single disc in place.  Then close the cover to continue.</STR148>
<STR149>WARNING:  The color cartridge is Empty.  To replace the cartridge, open the cover on the unit and press the left button.  Then install the new cartridge and close the cover.  To ignore the warning, press the left button.</STR149>
<STR150>WARNING:  The black cartridge is Empty.  To replace the cartridge, open the cover on the unit and press the left button.  Then install the new cartridge and close the cover.  To ignore the warning, press the left button.</STR150>
<STR151>WARNING:  Both cartridges are Empty.  To replace the cartridge, open the cover on the unit and press the left button.  Then install the new cartridge and close the cover.  To ignore the warning, press the left button.</STR151>
<STR152>The system timed out waiting for the printer to finish.  The disc may not have been printed on.</STR152>
<STR153>Please place the disc back into the printer tray and close the tray.  NOTE: First press the button on the right; then pressing the left button will open/close the printer tray.</STR153>
<STR201>Tray movement error.  Press the button on the unit to try again.</STR201>
<STR202>There was a problem finding the ink cartridges.  Open the cover and press the left button. Make sure the color cartridge is installed on the left and the black is on the right.  Then close the cover.</STR202>
<STR203>The input bin is empty.  Open the cover and add more discs.  Then close the cover to continue.</STR203>
<STR204>There was an internal printer communications error.  Press the button on the unit to try again.</STR204>
<STR205>WARNING:  The color cartridge is LOW on ink.  To replace the cartridge, open the cover and press the button on the unit.  Then install the new cartridge and close the cover.  To ignore the warning, open and close the cover.</STR205>
<STR206>WARNING:  The black cartridge is LOW on ink.  To replace the cartridge, open the cover on the unit and press the left button.  Then install the new cartridge and close the cover.  To ignore the warning, press the left button.</STR206>
<STR207>WARNING:  Both ink cartridges are LOW on ink.  To replace the cartridges, open the cover on the unit and press the left button.  Then install the new cartridges and close the cover.  To ignore the warning, press the left button.</STR207>

<STR208>The disc was not picked.  Press the button on the unit to try again.</STR208>
<STR209>There was an arm movement error.  Press the button on the unit to try again.</STR209>
<STR210>Arm picker error.  Press the button on the unit to try again.</STR210>
<STR212>There was an internal software error.  Please re-start the software.</STR212>
<STR213>No external recorder drives were found.  Re-power the computer and unit, and then re-start the software.</STR213>
<STR214>The unit is offline.  Please ensure the unit is connected and powered on.  You may need to shut down and restart the software.</STR214>
<STR215>The unit's cover is open.  Please close the cover.</STR215>
<STR216>The disc was not picked from the printer.  Press the button on the unit to try again.</STR216>
<STR217>Multiple discs were picked up and moved.  Please manually remove any extra discs that were moved, keeping a single disc in place.  Then close the cover to continue.</STR217>
<STR218>Multiple discs were placed in the printer.  Please manually remove any extra discs from the printer, keeping a single disc in place.  Then close the cover to continue.</STR218>
<STR219>Multiple discs were placed in the recorder.  Please manually remove any extra discs from the recorder, keeping a single disc in place.  Then close the cover to continue.</STR219>
<STR220>The disc was dropped while moving into the recorder.  Please manually place the disc into the recorder tray.  Then close the cover to continue.</STR220>
<STR228>The disc was dropped while moving into the right bin.  Please manually place the disc into the right bin.  Then close the cover to continue.</STR228>
<STR229>The disc was dropped while moving into the output bin.  Please manually place the disc into the output bin.  Then close the cover to continue.</STR229>
<STR233>The disc was dropped while moving into the printer.  Please manually place the disc into the printer tray.  Then close the cover to continue.</STR233>
<STR234>The disc was dropped while moving to the output bin.  Please remove the dropped disc.  Then close the cover to continue.</STR234>
<STR235>The disc was dropped. Please remove the dropped disc.  Then close the cover to continue.</STR235>
<STR236>The printer cartridge needs to be aligned.</STR236>
<STR237>The color cartridge is invalid.  Open the cover and press the button on the unit.  Insert a valid cartridge and close the cover.</STR237>
<STR238>The black cartridge is invalid.  Open the cover and press the left button.  Change the cartridge and close the cover.</STR238>
<STR239>Both cartridges are invalid.  Open the cover and press the left button.  Change the cartridges and close the cover.</STR239>
<STR240>The cartridge is not installed.  Open the cover and press the button on the unit.  Install the cartridge and close the cover.</STR240>
<STR241>The black cartridge is installed in the color position.  Open the cover and press the left button.  Change the cartridge and close the cover.</STR241>
<STR242>The color cartridge is installed in the black position.  Open the cover and press the left button.  Change the cartridge and close the cover.</STR242>
<STR243>The black and color cartridges are swapped.  Open the cover and press the left button.  Swap the cartridges and close the cover.</STR243>
<STR244>This printer is not compatible with a pigment-based black cartridge.  Open the cover and press the left button.  Install a dye-based black cartridge and close the cover.</STR244>
<STR245>The alignment print failed.</STR245>
<STR246>The disc was dropped while moving to/from the printer.  Please open the cover and manually remove and discard the disc.  Then place a new disc in the recorder, close the cover and press the left button.</STR246>
<STR247>Multiple discs were placed in the right bin.  Please manually move any extra discs to the left bin, keeping a single disc in place.  Then close the cover and press the left button.</STR247>
<STR248>Multiple discs were placed in the left bin.  Please manually move any extra discs to the right bin, keeping a single disc in place.  Then close the cover and press the left button.</STR248>
<STR249>WARNING:  The color cartridge is Empty.  To replace the cartridge, open the cover and press the button on the unit.  Then install the new cartridge and close the cover.</STR249>
<STR250>WARNING:  The black cartridge is Empty.  To replace the cartridge, open the cover on the unit and press the left button.  Then install the new cartridge and close the cover.  To ignore the warning, press the left button.</STR250>
<STR251>WARNING:  Both cartridges are Empty.  To replace the cartridge, open the cover on the unit and press the left button.  Then install the new cartridge and close the cover.  To ignore the warning, press the left button.</STR251>
<STR252>The system timed out waiting for the printer to finish.  The disc may not have been printed on.</STR252>
<STR253>The disc to be printed is missing from the printer tray.  Please place the disc back into the printer tray and close the tray.  NOTE: You can open/close the printer tray by pressing the button on the unit with the cover closed.</STR253>
</PTROBOT_STRINGS>